id,clee,nom_estab,raz_social,codigo_act,nombre_act,per_ocu,tipo_vial,nom_vial,tipo_v_e_1,nom_v_e_1,tipo_v_e_2,nom_v_e_2,tipo_v_e_3,nom_v_e_3,numero_ext,letra_ext,edificio,edificio_e,numero_int,letra_int,tipo_asent,nomb_asent,tipoCenCom,nom_CenCom,num_local,cod_postal,cve_ent,entidad,cve_mun,municipio,cve_loc,localidad,ageb,manzana,telefono,correoelec,www,tipoUniEco,latitud,longitud,fecha_alta
10083398,09004434219000231000000000U6,MUROS Y PLAFORES REYES,NA,434219,"Comercio al por mayor de otros materiales para la construcción, excepto de madera y metálicos",0 a 5 personas,CALLE,GASPAR,CALLE,CONSTITUYENTE HECTOR VICTORIA,CALLE,NAVIDAD,CALLE,NOCHE BUENA,17,A,NA,NA,NA,NA,COLONIA,GRANJAS NAVIDAD,NA,NA,NA,05219,09,Ciudad de México,004,Cuajimalpa de Morelos,0001,Cuajimalpa de Morelos,002A,005,5554597898,AUDREYES85@HOTMAIL.COM,NA,Fijo,19.3739287,-99.28538082,2024-11
6430761,09012524220000054000000000U4,AFORE AZTECA,AFORE AZTECA,524220,Administración de cajas de pensión y de seguros independientes,251 y más personas,AVENIDA,EJE 3 SUR F. C. DE RIO FRIO,CALLE,ORIENTE 247,AVENIDA,FERROCARRIL DE RIO FRIO,AVENIDA,CANAL DE TEZONTLE,419,NA,A-12,99,NA,NA,COLONIA,CUCHILLA DEL MORAL,NA,NA,NA,09010,09,Ciudad de México,007,Iztapalapa,0001,Iztapalapa,4895,026,NA,XMONTES@ELEKTRA.COM.MX,WWW.AFOREAZTECA.COM.MX,Fijo,19.38638021,-99.07207989,2010-07
847194,09015523910000171002014084S6,AFORE BANAMEX,CITIBANAMEX AFORE,524220,Administración de cajas de pensión y de seguros independientes,101 a 250 personas,AVENIDA,PASEO DE LA REFORMA,CALLE,RÍO GUADALQUIVIR,CALLE,RÍO NILO,CALLE,RÍO VOLGA,381,NA,NA,NA,NA,NA,COLONIA,CUAUHTÉMOC,NA,NA,NA,06500,09,Ciudad de México,015,Cuauhtémoc,0001,Cuauhtémoc,0930,004,NA,AFOREENLINEA@CITIBANAMEX.COM,WWW.AFOREBANAMEX.COM.MX,Fijo,19.42637624,-99.16987198,2010-07
846273,09002524220000011101053469M5,AFORE COPPEL,AFORE COPPEL,524220,Administración de cajas de pensión y de seguros independientes,251 y más personas,AVENIDA,JOSE MARTI,AVENIDA,INSURGENTES SUR,CALLE,INGENIEROS,CALLE,TOPOGRAFOS,287,NA,NA,NA,NA,NA,COLONIA,ESCANDÓN II SECCIÓN,NA,NA,NA,11800,09,Ciudad de México,016,Miguel Hidalgo,0001,Miguel Hidalgo,1226,017,NA,NORMATIVIDAD@BANCOPPEL.COM,NA,Fijo,19.40006156,-99.17104095,2011-03
846335,09005524220000021001053469S7,AFORE COPPEL,AFORE COPPEL,524220,Administración de cajas de pensión y de seguros independientes,101 a 250 personas,AVENIDA,CUAUTEPEC,CALLE,Cuautepec,CALLE,Ninguno,CALLE,Ferrocarril de Veracruz,201,NA,NA,NA,NA,NA,COLONIA,JORGE NEGRETE,NA,NA,NA,02526,09,Ciudad de México,005,Gustavo A. Madero,0001,Gustavo A. Madero,0328,001,NA,NA,NA,Fijo,19.52601483,-99.14201657,2026-04
1059115,09003524220000021001053469S2,AFORE COPPEL,AFORE COPPEL,524220,Administración de cajas de pensión y de seguros independientes,101 a 250 personas,AVENIDA,GRAN SUR,CALLE,AVENIDA DEL IMÁN,CALLE,NINGUNO,CALLE,NINGUNO,5550,NA,NA,NA,NA,NA,COLONIA,PEDREGAL DE CARRASCO,CENTRO Y PLAZA COMERCIAL,COPPEL GRAN SUR,SN,14010,09,Ciudad de México,003,Coyoacán,0001,Coyoacán,1641,036,NA,NA,NA,Fijo,19.30741245,-99.16412693,2026-04
9450206,09012524220000061101014085S9,AFORE INBURSA,AFORE INBURSA,524220,Administración de cajas de pensión y de seguros independientes,101 a 250 personas,AVENIDA,INSURGENTES SUR,CALLE,NINGUNO,CALLE,SAN FERNANDO,CALLE,ZAPOTE,3500,NA,NA,NA,NA,NA,COLONIA,PEÑA POBRE,CENTRO Y PLAZA COMERCIAL,PLAZA INBURSA CUICUILCO,SN,14420,09,Ciudad de México,012,Tlalpan,0001,Tlalpan,1890,001,NA,NA,NA,Fijo,19.29591205,-99.18479874,2026-04
6508246,09016524220000217001014085M8,AFORE INBURSA. GRUPO FINANCIERO INBURSA,AFORE INBURSA,524220,Administración de cajas de pensión y de seguros independientes,101 a 250 personas,AVENIDA,PASEO DE LAS PALMAS,CALLE,MONTE SINAÍ,CALLE,MONTES STANOVOI,CALLE,AVENIDA CORDILLERA DE LOS ANDES,750,NA,NA,NA,NA,NA,COLONIA,LOMAS DE CHAPULTEPEC III SECCIÓN,NA,NA,NA,11000,09,Ciudad de México,016,Miguel Hidalgo,0001,Miguel Hidalgo,0872,017,NA,JVERGARAG@INBURSA.COM,WWW.INBURSA.COM,Fijo,19.42940978,-99.21483016,2016-01
6430769,09015524220000147000014087M9,AFORE SURA,AFORE SURA,524220,Administración de cajas de pensión y de seguros independientes,251 y más personas,AVENIDA,PASEO DE LA REFORMA,CALLE,NÁPOLES,CALLE,HAVRE,CALLE,HAMBURGO,222,NA,NA,20,NA,NA,COLONIA,JUÁREZ,EDIFICIO COMERCIAL Y DE SERVICIOS,REFORMA 222,SN,6600,09,Ciudad de México,015,Cuauhtémoc,0001,Cuauhtémoc,0803,008,NA,EDUARDO.HERNANDEZG@SURAMEXICO.COM,NA,Fijo,19.42907292,-99.16214313,2010-07
722257,09007524220000062001014087S7,AFORE SURA IZTAPALAPA,AFORE SURA,524220,Administración de cajas de pensión y de seguros independientes,11 a 30 personas,AVENIDA,8 SUR CALZADA ERMITA IZTAPALAPA,CALLE,MATAMOROS,CALLE,SAN FELIPE DE JESÚS,CALLE,TERCERA CARRIL,2955,NA,NA,NA,NA,NA,COLONIA,SAN MIGUEL,CENTRO Y PLAZA COMERCIAL,PLAZA COMERCIAL IZTAPALAPA,43 44 46 47,09360,09,Ciudad de México,007,Iztapalapa,0001,Iztapalapa,1246,003,NA,NA,NA,Fijo,19.34978889,-99.07192063,2026-04
12302433,09014524220000181000014087S1,AFORE SURA PATRIOTISMO (UEAP),AFORE SURA,524220,Administración de cajas de pensión y de seguros independientes,11 a 30 personas,AVENIDA,INTERIOR (AVENIDA PATRIOTISMO),CALLE,Diecisiete,CALLE,Diecinueve,CALLE,Río Becerra,435,NA,NA,NA,NA,NA,COLONIA,SAN PEDRO DE LOS PINOS,NA,NA,NA,03800,09,Ciudad de México,014,Benito Juárez,0001,Benito Juárez,0350,013,NA,NA,NA,Fijo,19.38849912,-99.18223989,2026-04
12302436,09003524220000121000014087S0,AFORE SURA VILLA COAPA,AFORE SURA,524220,Administración de cajas de pensión y de seguros independientes,11 a 30 personas,CALZADA,CALZADA DEL HUESO,CALLE,Rancho Vista Hermosa,CALLE,Ninguno,CALLE,Rancho del Arenal,670,NA,NA,NA,NA,NA,COLONIA,LOS SAUCES,CENTRO Y PLAZA COMERCIAL,PLAZA CHEDRAUI,1A,04940,09,Ciudad de México,003,Coyoacán,0001,Coyoacán,1444,025,NA,NA,NA,Fijo,19.30209986,-99.11897292,2026-04
9303138,09002931610000701011041004S0,AFORE XXI,AFORE XXI BANORTE,524220,Administración de cajas de pensión y de seguros independientes,11 a 30 personas,AVENIDA,AQUILES SERDAN,CALLE,INDUSTRIA,EJE VIAL,3 NORTE (MANUEL ACUÑA),AVENIDA,CENTENARIO,520,NA,NA,NA,20,NA,COLONIA,CENTRO DE AZCAPOTZALCO,NA,NA,NA,02128,09,Ciudad de México,002,Azcapotzalco,0001,Azcapotzalco,0472,011,NA,SERVICIO.AFORE@XXI-BANORTE.COM,NA,Fijo,19.47860636,-99.18852926,2020-11
658750,09015524220000201001041004S4,AFORE XXI BANORTE,AFORE XXI BANORTE,524220,Administración de cajas de pensión y de seguros independientes,11 a 30 personas,AVENIDA,INSURGENTES SUR,CALLE,NIZA,CALLE,LIVERPOOL,CALLE,GÉNOVA,105,NA,NA,NA,NA,B,COLONIA,JUÁREZ,NA,NA,NA,06600,09,Ciudad de México,015,Cuauhtémoc,0001,Cuauhtémoc,095A,002,5554885500,NA,WWW.AFOREXX1BANORTE.COM,Fijo,19.42549411,-99.16225885,2014-12
9278642,09007522110010143010041004S8,AFORE XXI BANORTE,AFORE XXI BANORTE,524220,Administración de cajas de pensión y de seguros independientes,11 a 30 personas,AVENIDA,8 SUR (CALZADA ERMITA IZTAPALAPA),CALLE,GENERAL ANAYA,CALLE,TERCERA SAN NICOLÁS,CALLE,PRIMER CALLEJÓN GENERAL ANAYA,920,NA,NA,NA,NA,NA,BARRIO,SANTA BÁRBARA,NA,NA,NA,09000,09,Ciudad de México,007,Iztapalapa,0001,Iztapalapa,0962,041,NA,NA,NA,Fijo,19.35595063,-99.10253953,2020-11
6768239,09015524220000241001041004S0,AFORE XXI BANORTE,AFORE XXI BANORTE,524220,Administración de cajas de pensión y de seguros independientes,11 a 30 personas,AVENIDA,PASEO DE LA REFORMA,CALLE,2 PONIENTE (FLORENCIA),CALLE,LANCASTER,CALLE,HAMBURGO,350,NA,NA,NA,NA,NA,COLONIA,CUAUHTÉMOC,NA,NA,NA,06600,09,Ciudad de México,015,Cuauhtémoc,0001,Cuauhtémoc,0930,014,5554885500,NA,NA,Fijo,19.42610438,-99.16739231,2016-10
6430768,09015524220000137001041004S0,AFORE XXI BANORTE,AFORE XXI BANORTE,524220,Administración de cajas de pensión y de seguros independientes,6 a 10 personas,AVENIDA,PASEO DE LA REFORMA,CALLE,BUDAPEST,CALLE,GENERAL PRIM,CALLE,ATENAS,122,NA,NA,NA,NA,NA,COLONIA,JUÁREZ,NA,NA,NA,06600,09,Ciudad de México,015,Cuauhtémoc,0001,Cuauhtémoc,0803,006,NA,RAUL.TREVINO@BANORTE.COM,WWW.BANORTE-GENERALI.COM/AFORE/AFORE.HTM,Fijo,19.43181013,-99.15676969,2010-07
707948,09006524220000065001041004S2,AFORE XXI BANORTE,NA,524220,Administración de cajas de pensión y de seguros independientes,11 a 30 personas,CALLE,3 SUR (AÑIL),CALLE,INTERIOR (AVENIDA RÍO CHURUBUSCO),CALLE,RESINA,CALLE,AVENA,571,NA,NA,NA,NA,NA,COLONIA,GRANJAS MÉXICO,NA,NA,NA,08400,09,Ciudad de México,006,Iztacalco,0001,Iztacalco,1094,033,5554885500,NA,WWW.XXIBANORTE.COM,Fijo,19.40250284,-99.09644029,2014-12
12302415,09014524220000193000041004S6,AFORE XXI BANORTE,AFORE XXI BANORTE,524220,Administración de cajas de pensión y de seguros independientes,11 a 30 personas,CALLE,JOSE MARIA IBARRARAN,CALLE,FELIX PARRA,CALLE,JOSE MARIA VELASCO,CALLE,FELIX PARRA,84,B,NA,NA,NA,NA,COLONIA,SAN JOSÉ INSURGENTES,NA,NA,NA,03900,09,Ciudad de México,014,Benito Juárez,0001,Benito Juárez,0914,004,NA,NA,WWW.XXIBANORTE.COM,Fijo,19.36235539,-99.1834969,2026-04
706941,09006524220000041001041004S3,AFORE XXI BANORTE,AFORE XXI BANORTE,524220,Administración de cajas de pensión y de seguros independientes,6 a 10 personas,CALZADA,CALZADA GENERAL IGNACIO ZARAGOZA,CERRADA,ORIENTE 253-A,CALLE,ORIENTE 253,AVENIDA,SUR 8,1075,NA,NA,NA,NA,NA,COLONIA,AGRÍCOLA ORIENTAL,NA,NA,NA,08500,09,Ciudad de México,006,Iztacalco,0001,Iztacalco,0202,002,5554885500,NA,WWW.XXIBANORTE.COM,Fijo,19.40067846,-99.06378651,2014-12
658528,09015522110001241001041004S4,AFORE XXI BANORTE,AFORE XXI BANORTE,524220,Administración de cajas de pensión y de seguros independientes,11 a 30 personas,AVENIDA,PASEO DE LA REFORMA,AVENIDA,RÍO RHIN,CALLE,RÍO SENA,CALLE,RÍO PAPALOAPAN,281,NA,NA,NA,NA,NA,COLONIA,CUAUHTÉMOC,"HOSPITAL, CENTRO MEDICO O CLINICA",HOSPITAL INFANTIL,SN,06500,09,Ciudad de México,015,Cuauhtémoc,0001,Cuauhtémoc,0837,005,NA,NA,NA,Fijo,19.42875172,-99.16495387,2010-07
846270,09014524220000095001041004S3,AFORE XXI BANORTE,AFORE XXI BANORTE,524220,Administración de cajas de pensión y de seguros independientes,6 a 10 personas,AVENIDA,INSURGENTES SUR,CALLE,TLAXCALA,CALLE,AGUASCALIENTES,CALLE,CHILPANCINGO,453,NA,NA,NA,NA,NA,COLONIA,HIPÓDROMO,NA,NA,NA,06140,09,Ciudad de México,015,Cuauhtémoc,0001,Cuauhtémoc,1341,003,5554885500,NA,WWW.XXIBANORTE.COM,Fijo,19.40716727,-99.16827796,2010-07
8539235,09014522110011371000014085S0,BODEGA DE AFORE INBURSA,AFORE INBURSA,524220,Administración de cajas de pensión y de seguros independientes,0 a 5 personas,CALZADA,EMILIO CARRANZA,CALLE,LOURDES,AVENIDA,PRESIDENTE PLUTARCO ELIAS CALLES,CALLE,BENGALA,70,NA,NA,NA,NA,NA,COLONIA,ZACAHUITZCO,NA,NA,NA,03560,09,Ciudad de México,014,Benito Juárez,0001,Benito Juárez,0670,001,NA,NA,NA,Fijo,19.37203914,-99.13885964,2019-11
987498,09003524220000043102014084S6,CITIBANAMEX AFORE,CITIBANAMEX AFORE,524220,Administración de cajas de pensión y de seguros independientes,101 a 250 personas,AVENIDA,PASEO DE LA REFORMA,CALLE,RÍO RHIN,AVENIDA,RÍO SENA,CALLE,RÍO PAPALOAPAN,265,NA,EDIFICIO BANAMEX,32,NA,NA,COLONIA,CUAUHTÉMOC,NA,NA,NA,06500,09,Ciudad de México,015,Cuauhtémoc,0001,Cuauhtémoc,0837,005,NA,AFOREENLINEA@CITIBANAMEX.COM,WWW.AFOREBANAMEX.COM.MX,Fijo,19.42896844,-99.16448874,2010-07
2241386,15024561310000042011014084M9,"CITIBANAMEX AFORE, INTEGRANTE DEL GRUPO FINANCIERO BANAMEX","CITIBANAMEX AFORE, INTEGRANTE DEL GRUPO FINANCIERO BANAMEX",524220,Administración de cajas de pensión y de seguros independientes,251 y más personas,CALLE,MORAS,AVENIDA,RIO MIXCOAC,CALLE,COMUNAL,CALLE,DOS,850,NA,NA,NA,NA,NA,COLONIA,ACACIAS,NA,NA,NA,03240,09,Ciudad de México,014,Benito Juárez,0001,Benito Juárez,0933,004,NA,AFOREENLINEA@CITIBANAMEX.COM,WWW.AFOREBANAMEX.COM.MX,Fijo,19.36437875,-99.17648723,2014-12
846276,09016524220000081001014084S8,MODULOS AFORE BANAMEX,CITIBANAMEX AFORE,524220,Administración de cajas de pensión y de seguros independientes,101 a 250 personas,AVENIDA,JALISCO,AVENIDA,GOBERNADOR MANUEL REYES VERAMENDI,CALLE,GOBERNADOR JOSÉ GUADALUPE COVARRUBIAS,CALLE,GENERAL JUAN CANO,160,NA,NA,NA,NA,NA,COLONIA,SAN MIGUEL CHAPULTEPEC I SECCIÓN,NA,NA,NA,11850,09,Ciudad de México,016,Miguel Hidalgo,0001,Miguel Hidalgo,1175,010,5512269857,AFOREENLINEA@CITIBANAMEX.COM,WWW.AFOREBANAMEX.COM.MX,Fijo,19.40624446,-99.18522628,2011-03
9416121,09016524220000261001014914S6,PRINCIPAL AFORE CARSO2,PRINCIPAL AFORE PRINCIPAL GRUPO FINANCIERO,524220,Administración de cajas de pensión y de seguros independientes,6 a 10 personas,CALLE,LAGO ZÚRICH,OTRO(ESPECIFIQUE),FERROCARRIL DE CUERNAVACA,OTRO(ESPECIFIQUE),NINGUNO,OTRO(ESPECIFIQUE),PRESA FALCÓN,219,NA,PLAZA CARSO,35,NA,NA,AMPLIACION,AMPLIACIÓN GRANADA,EDIFICIO COMERCIAL Y DE SERVICIOS,NA,5,11500,09,Ciudad de México,016,Miguel Hidalgo,0001,Miguel Hidalgo,0444,001,NA,NA,NA,Fijo,19.4414304,-99.20297351,2026-04
9464093,09014524220000141001014914S5,PRINCIPAL AFORE INSURGENTES,PRINCIPAL AFORE PRINCIPAL GRUPO FINANCIERO,524220,Administración de cajas de pensión y de seguros independientes,31 a 50 personas,AVENIDA,INSURGENTES SUR,CALLE,PEDRO ROMERO DE TERREROS,CALLE,LUZ SAVIÑÓN,CALLE,JESÚS URQUIAGA,664,NA,NA,NA,NA,NA,COLONIA,DEL VALLE NORTE,NA,EDIFICIO 664,NA,03100,09,Ciudad de México,014,Benito Juárez,0001,Benito Juárez,0223,007,NA,NA,NA,Fijo,19.39495619,-99.17190351,2026-04
9416122,09016524220000271001014914S5,PRINCIPAL AFORE NAUCALPAN,PRINCIPAL AFORE PRINCIPAL GRUPO FINANCIERO,524220,Administración de cajas de pensión y de seguros independientes,11 a 30 personas,AVENIDA,ANTONIO VELÁZQUEZ MARTÍNEZ,OTRO(ESPECIFIQUE),GAZA MILITAR,OTRO(ESPECIFIQUE),RODOLFO GAONA,OTRO(ESPECIFIQUE),PARQUE DE CHAPULTEPEC,511,NA,NA,NA,NA,NA,COLONIA,PERIODISTA,NA,NA,NA,11220,09,Ciudad de México,016,Miguel Hidalgo,0001,Miguel Hidalgo,0302,004,NA,NA,NA,Fijo,19.45210852,-99.21884024,2026-04
9439276,09016524220000281001014914S4,PRINCIPAL AFORE SUCURSAL CARSO,PRINCIPAL AFORE PRINCIPAL GRUPO FINANCIERO,524220,Administración de cajas de pensión y de seguros independientes,11 a 30 personas,CALLE,LAGO ZÚRICH,OTRO(ESPECIFIQUE),FERROCARRIL DE CUERNAVACA,OTRO(ESPECIFIQUE),NINGUNO,OTRO(ESPECIFIQUE),PRESA FALCÓN,219,NA,PLAZA CARSO,35,NA,NA,AMPLIACION,AMPLIACIÓN GRANADA,EDIFICIO COMERCIAL Y DE SERVICIOS,NA,5,11500,09,Ciudad de México,016,Miguel Hidalgo,0001,Miguel Hidalgo,0444,001,NA,NA,NA,Fijo,19.4414304,-99.20297351,2026-04
9400888,09015524220000351001014088S7,PROFUTURO AFORE,PROFUTURO AFORE,524220,Administración de cajas de pensión y de seguros independientes,251 y más personas,CALLE,GENERAL PRIM,CALLE,VIENA,CALLE,LUCERNA,AVENIDA,NINGUNO,144,NA,NA,NA,NA,NA,COLONIA,JUÁREZ,NA,NA,NA,06600,09,Ciudad de México,015,Cuauhtémoc,0001,Cuauhtémoc,0803,002,NA,NA,NA,Fijo,19.43117287,-99.15801673,2023-11
926830,09010524220000146001014088M2,PROFUTURO AFORE,PROFUTURO AFORE,524220,Administración de cajas de pensión y de seguros independientes,251 y más personas,BOULEVARD,INSURGENTES SUR,CALLE,AJUSCO,CALLE,DE LAS AGUILAS,CALZADA,DE LOS LEONES,2009,NA,EDIFICIO SIN NOMBRE,17,NA,NA,COLONIA,SAN ÁNGEL,EDIFICIO COMERCIAL Y DE SERVICIOS,CORPORATIVO LAS FOLORES,SN,1010,09,Ciudad de México,010,Álvaro Obregón,0001,Álvaro Obregón,1129,011,5519164067,TIARE.OTERO@PROFUTURO.COM.MX,WWW.PROFUTURO.MX,Fijo,19.34982867,-99.1868551,2014-12
9412734,09005524220000101001014088S7,PROFUTURO AFORE,PROFUTURO AFORE,524220,Administración de cajas de pensión y de seguros independientes,251 y más personas,EJE VIAL,5 NORTE (MONTEVIDEO),CALLE,VALPARAÍSO,CALLE,SANTIAGO,CALLE,MONTIEL,86,NA,NA,NA,NA,NA,COLONIA,TEPEYAC INSURGENTES,NA,NA,NA,07020,09,Ciudad de México,005,Gustavo A. Madero,0001,Gustavo A. Madero,1260,026,NA,NA,NA,Fijo,19.48654811,-99.1225224,2023-11
9452694,09014524220000151001014088S4,PROFUTURO AFORE,PROFUTURO AFORE,524220,Administración de cajas de pensión y de seguros independientes,251 y más personas,CALLE,DONATELLO,CALLE,AUGUSTO RODIN,CALLE,JUAN HONORATO FRAGONARD,EJE VIAL,7 SUR (EXTREMADURA),64,NA,NA,NA,NA,NA,COLONIA,INSURGENTES MIXCOAC,NA,NA,NA,03920,09,Ciudad de México,014,Benito Juárez,0001,Benito Juárez,0702,010,NA,NA,NA,Fijo,19.37475814,-99.18453555,2023-11
718838,09007531113003271000000000U9,SALON DE EVENTOS LAFORET,NA,531113,Alquiler sin intermediación de salones para fiestas y convenciones,0 a 5 personas,CALLE,TAMEMES,CALLE,ENCOMENDEROS,CALLE,NINGUNO,CALLE,POCHTECAS,1,NA,NA,NA,NA,NA,COLONIA,CENTRAL DE ABASTO,NA,NA,NA,09030,09,Ciudad de México,007,Iztapalapa,0001,Iztapalapa,2403,008,NA,NA,NA,Fijo,19.38061626,-99.08139534,2014-12
10813767,09013541190000421000000000U7,CONSULTORIA DE PENSIONES AFORE INFONAVIT Y CREDITOS,NA,541190,Servicios de apoyo para efectuar trámites legales,0 a 5 personas,CALLE,MORELOS,CALLE,FRANCISCO GOYTIA,CALLE,SELVA,CALLE,16 DE SEPTIEMBRE,4794,NA,EDIFICIO SIN NOMBRE,17,NA,NA,BARRIO,SAN PEDRO,EDIFICIO COMERCIAL Y DE SERVICIOS,SIN NOMBRE,SN,16090,09,Ciudad de México,013,Xochimilco,0001,Xochimilco,0230,018,NA,ASESORIAINFONAVIT@GMAIL.COM,NA,Fijo,19.25573248,-99.10547606,2024-11
